City,State
Alameda,CA
Albuquerque,NM
Alexandria,VA
Aliso Viejo,CA
Allen,TX
Alpharetta,GA
Anaheim,CA
Ann Arbor,MI
Annapolis,MD
Apex,NC
Arlington,TX
Asheville,NC
Atlanta,GA
Aurora,CO
Austin,TX
Avondale,AZ
Baltimore,MD
Baton Rouge,LA
Beaverton,OR
Bellevue,WA
Bend,OR
Billings,MT
Birmingham,AL
Bloomington,IN
Boca Raton,FL
Boerne,TX
Boston,MA
Boulder,CO
Boynton Beach,FL
Bradenton,FL
Bremerton,WA
Burlington,NC
Burnsville,MN
Camarillo,CA
Cambridge,MA
Carlsbad,CA
Carmel,IN
Carrollton,TX
Cary,NC
Casselberry,FL
Castle Rock,CO
Cedar Park,TX
Chandler,AZ
Chapel Hill,NC
Charleston,SC
Charlotte,NC
Charlottesville,VA
Chicago,IL
Chula Vista,CA
Clarksville,TN
Clearwater,FL
Cleveland,OH
Coconut Creek,FL
College Station,TX
Collierville,TN
Colorado Springs,CO
Columbia,SC
Columbus,OH
Conroe,TX
Conyers,GA
Coral Gables,FL
Corona,CA
Corpus Christi,TX
Costa Mesa,CA
Culver City,CA
Dallas,TX
Daytona Beach,FL
Denton,TX
Denver,CO
Des Moines,IA
Desoto,TX
Douglasville,GA
Duluth,GA
Durham,NC
El Paso,TX
Englewood,CO
Eugene,OR
Everett,MA
Everett,WA
Fairfax,VA
Fayetteville,NC
Federal Way,WA
Fishers,IN
Flagstaff,AZ
Folsom,CA
Forney,TX
Fort Collins,CO
Fort Lauderdale,FL
Fort Lee,NJ
Fort Myers,FL
Fort Wayne,IN
Fort Worth,TX
Framingham,MA
Franklin,TN
Frederick,MD
Fredericksburg,VA
Fremont,CA
Frisco,TX
Fullerton,CA
Gainesville,FL
Gainesville,GA
Gaithersburg,MD
Garland,TX
Georgetown,TX
Gilbert,AZ
Glendale,AZ
Glendale,CA
Golden,CO
Goodyear,AZ
Goose Creek,SC
Grand Prairie,TX
Grand Rapids,MI
Grapevine,TX
Greeley,CO
Greensboro,NC
Greenville,SC
Greenwood,IN
Hampton,VA
Hayward,CA
Henderson,NV
Hialeah,FL
Hillsboro,OR
Hollywood,FL
Houston,TX
Huntersville,NC
Huntington Beach,CA
Huntsville,AL
Indianapolis,IN
Irvine,CA
Irving,TX
Issaquah,WA
Jacksonville,FL
Jeffersonville,IN
Jersey City,NJ
Kansas City,MO
Kennesaw,GA
Kent,WA
Kirkland,WA
Kissimmee,FL
Knoxville,TN
Kyle,TX
La Mesa,CA
Lacey,WA
Lafayette,IN
Lagrange,GA
Lake Charles,LA
Lakeland,FL
Lakewood,WA
Lansing,MI
Las Vegas,NV
Lawrenceville,GA
Layton,UT
Leander,TX
Lewisville,TX
Little Rock,AR
Littleton,CO
Long Beach,CA
Longmont,CO
Los Angeles,CA
Lowell,MA
Lynnwood,WA
Madison,AL
Madison,WI
Mansfield,TX
Maple Grove,MN
Marietta,GA
Maryland Heights,MO
Matthews,NC
Mcdonough,GA
Mckinney,TX
Melbourne,FL
Memphis,TN
Mesa,AZ
Miami,FL
Miami Beach,FL
Miami Gardens,FL
Midland,TX
Milpitas,CA
Minneapolis,MN
Mooresville,NC
Moreno Valley,CA
Morrisville,NC
Mount Pleasant,SC
Mountain View,CA
Murfreesboro,TN
Napa,CA
Naperville,IL
New Braunfels,TX
New Brunswick,NJ
New Haven,CT
New Orleans,LA
New York,NY
Newport Beach,CA
Norfolk,VA
North Charleston,SC
North Las Vegas,NV
Oakland,CA
Ocala,FL
Oceanside,CA
Olathe,KS
Omaha,NE
Ontario,CA
Orange,CA
Orlando,FL
Overland Park,KS
Oxnard,CA
Palm Bay,FL
Palm Beach Gardens,FL
Palm Desert,CA
Panama City,FL
Papillion,NE
Parker,CO
Pasadena,CA
Pensacola,FL
Peoria,AZ
Pflugerville,TX
Philadelphia,PA
Phoenix,AZ
Pinellas Park,FL
Pittsburgh,PA
Plano,TX
Plantation,FL
Pleasanton,CA
Pomona,CA
Pompano Beach,FL
Portland,OR
Prescott Valley,AZ
Raleigh,NC
Redlands,CA
Redmond,WA
Redwood City,CA
Reno,NV
Renton,WA
Richland,WA
Richmond,VA
Riverside,CA
Rochester,MN
Rockville,MD
Roseville,CA
Roswell,GA
Round Rock,TX
Sacramento,CA
Saint Louis,MO
Saint Paul,MN
Saint Petersburg,FL
Salem,OR
Salt Lake City,UT
San Antonio,TX
San Bruno,CA
San Diego,CA
San Francisco,CA
San Jose,CA
San Marcos,CA
San Marcos,TX
San Mateo,CA
Sanford,FL
Santa Clara,CA
Santa Fe,NM
Santa Monica,CA
Santa Rosa,CA
Sarasota,FL
Saratoga Springs,NY
Savannah,GA
Scottsdale,AZ
Seattle,WA
Shawnee,KS
Simi Valley,CA
Simpsonville,SC
Sioux Falls,SD
Smyrna,TN
Somerville,MA
South San Francisco,CA
Sparks,NV
Springdale,AR
Sunnyvale,CA
Surprise,AZ
Suwanee,GA
Tacoma,WA
Tallahassee,FL
Tampa,FL
Temecula,CA
Tempe,AZ
Texas City,TX
The Colony,TX
Thornton,CO
Thousand Oaks,CA
Toledo,OH
Tucker,GA
Tucson,AZ
Tulsa,OK
Upland,CA
Vancouver,WA
Virginia Beach,VA
Vista,CA
Walnut Creek,CA
Waltham,MA
Washington,DC
Waxahachie,TX
West Chester,PA
West Jordan,UT
West Palm Beach,FL
Westminster,CO
Weymouth,MA
Wheat Ridge,CO
White Plains,NY
Wilmington,NC
Woodstock,GA
Worcester,MA
