City,State
Miami,FL
Greenville,TX
Blue Springs,MO
Jacksonville,FL
Nashville,TN
Fairhope,AL
Kansas City,KS
Buford,GA
Seattle,WA
Antioch,TN
Oviedo,FL
Austin,TX
Roxborough Park,CO
SeaTac,WA
New Orleans,LA
New York,NY
Plainfield,NJ
Fairfax,VA
Imperial,MO
New Lenox,IL
Olathe,KS
Gallatin,TN
Vancouver,WA
Woodbridge,VA
Minneapolis,MN
Walnut Creek,CA
Lowell,AR
Fayetteville,AR
American Fork,UT
Rogers,AR
Covington,GA
Richardson,TX
Medway,MA
Delray Beach,FL
Plymouth,MA
Pomona,CA
Mansfield,TX
Park Ridge,NJ
Melbourne,FL
Georgetown,TX
Framingham,MA
Lacey,WA
Charlotte,NC
Chandler,AZ
Hollywood,FL
Lansing,MI
Celina,TX
University City,MO
Cedar Park,TX
Hanover,MA
Overland Park,KS
Arlington,VA
Conyers,GA
Round Rock,TX
Chicago,IL
Apopka,FL
Baton Rouge,LA
Ramsey,MN
Redlands,CA
Lansdale,PA
Loveland,CO
Newberry-Archer,FL
Kansas City,MO
Saint Louis,MO
Castle Rock,CO
Centennial,CO
Glen Allen,VA
Fort Worth,TX
Aurora,CO
Herriman,UT
Farmington,AR
East Lansing,MI
Lakeland,FL
Columbus,OH
Independence,NJ
Glendale,AZ
Scottsdale,AZ
Orlando,FL
Bellingham,WA
Altoona,IA
Mount Laurel,NJ
Colorado Springs,CO
Bradenton,FL
Myakka City,FL
Tallahassee,FL
Shakopee,MN
Warrenville,IL
Katy,TX
Saint George,UT
Marietta,GA
Carrollton,TX
Germantown,TN
San Antonio,TX
Wendell,NC
Coraopolis,PA
Orange City,FL
Los Angeles,CA
Bronx,NY
Frisco,TX
Anaheim,CA
Dallas,TX
San Diego,CA
Pembroke,NC
Irving,TX
Erie,CO
Concord,NC
Golden,CO
Revere,MA
Gilbert,AZ
Columbia,SC
West Palm Beach,FL
Kalispell,MT
Albuquerque,NM
Brooklyn,NY
Fort Lauderdale,FL
Norfolk,VA
Bondurant,IA
Uniondale,NY
Kearny,NJ
El Paso,TX
Meredith,NC
Atlanta,GA
Magna,UT
Tucson,AZ
Phoenix,AZ
Grapevine,TX
Sellersburg,IN
Clearwater,FL
Spartanburg,SC
Pryor,OK
Gonzales,LA
Philadelphia,PA
Kerrville,TX
Reems Creek,NC
Millcreek,UT
Houston,TX
League City,TX
McHenry,IL
Wheat Ridge,CO
Saint Peters,MO
Louisville,TN
Lewisville,TX
Montgomery,TX
Benbrook,TX
Pensacola,FL
Summerville,SC
Justin-Roanoke,TX
Wilders,NC
Ocala,FL
Crowley,TX
Lake Worth,TX
Johnstown,CO
Palm Springs North,FL
Mesa,AZ
Wesley Chapel,FL
Kissimmee,FL
Mount Prospect,IL
West Lafayette,IN
South Sioux City,NE
Portland,OR
Winter Garden,FL
Merced,CA
Sarasota,FL
Celebration,FL
Fishers,IN
Davenport,FL
Leesburg,FL
Belleview,FL
Mont Belvieu,TX
Lyman,SC
Rowlett,TX
Burlington,NC
Auburn,AL
McKinney,TX
Plantation,FL
Hialeah,FL
Draper,UT
Randolph,MA
Raleigh,NC
Saint Augustine,FL
Salt Lake City,UT
Wilmington,NC
Grand Prairie,TX
San Angelo,TX
Tredyffrin,PA
Queens,NY
Fayetteville,NC
Las Vegas,NV
New Haven,CT
Reno,NV
Sioux City,IA
Merrimack,NH
Richmond,VA
Northlake,TX
Lebanon,TN
Beverly,MA
Jeffersonville,IN
College Station,TX
City View,SC
Everett,WA
West Sacramento,CA
Leander,TX
Indianapolis,IN
Spokane,WA
Lakewood,CO
Greenwood,IN
Rosemount,MN
Fort Wayne,IN
Johnson City,TN
Elizabethtown,PA
Ocean Springs,MS
Washington,DC
Travelers Rest,SC
Plainfield,IN
Manor,TX
Clarksville,TN
Clermont,FL
Palm Desert,CA
Midlothian,TX
Kennesaw,GA
Goodyear,AZ
Hutto,TX
Cartersville,GA
Ann Arbor,MI
Hamburg,NY
Princeton,TX
Denton,TX
Louisville,KY
Lake Saint Louis,MO
Gaithersburg,MD
Alameda,CA
West Melbourne,FL
Miramar,FL
Jersey City,NJ
Pearland,TX
Waxahachie,TX
McLean,VA
Rockledge,FL
Bethesda,MD
Lake Worth,FL
Apache Junction,AZ
Decatur,GA
Tempe,AZ
Indiantown,FL
Post Falls,ID
Federal Way,WA
Phoenixville,PA
Belton,MO
Ocoee,FL
Brighton,CO
Greer,SC
Lowell,MA
Florence,KY
Denver,CO
Stock Island,FL
Maitland,FL
Rosenberg,TX
Chamblee,GA
Castle Pines,CO
Highlands Ranch,CO
Huntersville,NC
Dania Beach,FL
Charleston,SC
Grayson,GA
Canal Winchester,OH
Mount Holly,NJ
Richfield,MN
Sugar Hill,GA
Midlothian,VA
Newton,MA
Burleson,TX
Fuquay Varina,NC
Villa Rica,GA
Gainesville,GA
Bee Cave,TX
Chula Vista,CA
Bloomington,IN
Lebanon,NH
Destin,FL
Pooler,GA
Wildwood,FL
Carroll,OH
Athens,GA
Rockwall,TX
Sheboygan,WI
Alvin,TX
Union Park,FL
Happy Valley,OR
Parker,CO
Bridgeport,CT
Syracuse,UT
Sneads Ferry,NC
Belleville,NJ
Downers Grove,IL
Henderson,NV
Panama City,FL
Milpitas,CA
White Plains,NY
Goulds,FL
Mountain View,CA
Huntsville,AL
Traverse City,MI
Chattanooga Valley,GA
North Las Vegas,NV
Boston,MA
Missoula,MT
York,PA
Iowa City,IA
Waltham,MA
Vinings,GA
Longview,TX
Longmont,CO
Gregory,TX
Lee's Summit,MO
Goose Creek,SC
Plano,TX
Wayland,MA
Simi Valley,CA
Woodstock,GA
Pinellas Park,FL
Boerne,TX
Fate,TX
Conshohocken,PA
Cocoa,FL
Greenville,SC
Tanglewilde,WA
Reston,VA
Pflugerville,TX
Stuart,FL
Gainesville,FL
Tampa,FL
Idaho Falls,ID
Littleton,CO
Kingsland,GA
O'Fallon,MO
Everett,MA
Estero,FL
Cambridge,MA
Woodinville,WA
Santa Rosa,CA
Fremont,CA
Birmingham,AL
Lexington,MN
Kirkland,WA
Doral,FL
Texas City,TX
Hapeville,GA
McLauchlin,NC
Little Elm,TX
Farmers Branch,TX
North Charleston,SC
Odessa,TX
Alafaya,FL
Roseville,CA
Whitestown,IN
Sanford,FL
Stallings,NC
Savannah,GA
Fruit Cove,FL
Garland,TX
Brookfield,WI
Passaic,NJ
Irvine,CA
Weymouth,MA
Omaha,NE
Papillion,NE
Maryland Heights,MO
Lafayette,IN
Avondale,AZ
Venice,FL
Plainfield,IL
Rahway,NJ
Riverview,FL
Santa Clara,UT
Maple Grove,MN
Clearfield,UT
Methuen,MA
Martinsburg,WV
Saint Petersburg,FL
Weatherford,TX
Harvey,LA
Santa Clara,CA
Little Rock,AR
North Myrtle Beach,SC
Port Charlotte,FL
Cape Coral,FL
Tifton,GA
Williamsburg,VA
Baltimore,MD
University Place,WA
Marlborough,MA
San Jose,CA
Boise,ID
Collierville,TN
Nampa,ID
Pittsburgh,PA
Tarpon Springs,FL
Saint Louis Park,MN
Middletown,NY
Naples,FL
New Hudson,MI
Kingston,MA
Malvern,PA
Easton,PA
Cumming,GA
Oakland,CA
Lawrenceville,GA
Santa Maria,CA
Smyrna,TN
Windsor,CA
Sacramento,CA
Mount Sinai,NY
Conroe,TX
Panama City Beach,FL
Hampton,GA
Tamarac,FL
Griswold,CT
Santa Rosa Beach,FL
Flagstaff,AZ
Chester,VA
Van Wyck,SC
Eugene,OR
Deer Park,NY
Cary,NC
Douglasville,GA
Upper Hominy,NC
Fort Collins,CO
McDonough,GA
Earlysville,VA
Tuscaloosa,AL
Graham,WA
Carmel,IN
Port Saint Lucie,FL
Duluth,GA
Falls Church,VA
Mount Juliet,TN
Holly Springs,NC
Billings,MT
Rosenberg-Richmond,TX
Billerica,MA
Durham,NC
Ooltewah,TN
Rochester,MN
Odessa,FL
Conway,SC
Ashburn,VA
North Bergen,NJ
Sioux Falls,SD
Buckeye,AZ
Thonotosassa,FL
La Mesa,CA
Longwood,FL
Edina,MN
Temple,TX
Georgetown,SC
Centerton,AR
Redmond,WA
The Colony,TX
Lantana,FL
Spring,TX
Richland,WA
Port Orange,FL
Lehi,UT
Easley,SC
Lafayette,CO
Ashland,OH
Snohomish,WA
Springdale,AR
San Gabriel,CA
Somerville,MA
Petaluma,CA
Columbia Falls,MT
Savannah,TX
Brooklyn Park,MN
Bluffton,IN
Mount Pleasant,SC
Tacoma,WA
Blacklick,OH
Washington,UT
Jefferson,GA
Thornton,CO
Kyle,TX
Simpsonville,SC
Surf City,NC
Morris Plains,NJ
West Des Moines,IA
Fairview,TX
Prosper,TX
Boca Raton,FL
Grand Rapids,MI
Commerce City,CO
Fountain Hills,AZ
Central Islip,NY
Pendergrass,GA
Naperville,IL
Montrose,CO
Boiling Springs,SC
Kings Grant,NC
Santa Fe Springs,CA
Saginaw,TX
Miami Gardens,FL
Willow Park,TX
Winston Salem,NC
Forney,TX
Vista,CA
Pecan Grove,TX
Norcross,GA
Middleton,WI
Daytona Beach,FL
Foley,AL
Fleming Island,FL
Lockport,IL
Port Wentworth,GA
Myrtle Beach,SC
Midland,TX
Peoria,AZ
Lauderdale Lakes,FL
Largo,FL
Hiram,GA
Loganville,GA
Waxhaw,NC
Lake Mary,FL
Lynchburg,VA
Arlington,TX
Union,NJ
Gulf Breeze,FL
Englewood,CO
Opelika,AL
Mauldin,SC
Greensburg,PA
Lyndon,KY
North Haledon,NJ
Santa Fe,NM
Stockton,CA
Carteret,NJ
Cibolo,TX
Coral Gables,FL
Taylor,TX
Clemson,SC
La Porte,TX
San Francisco,CA
Shawnee,KS
Wilson,NC
Brown Deer,WI
Burnsville,MN
Cranberry Township,PA
Morrisville,NC
Lakeville,MN
Flowery Branch,GA
Cleburne,TX
Midvale,UT
Atascocita,TX
Issaquah,WA
Dundee,IL
Henrico,VA
Cordova,TN
Olivette,MO
Folsom,CA
Avery Creek,NC
Newburgh,NY
Hudson Oaks,TX
New Braunfels,TX
Bethany,OR
State College,PA
Franklin,WI
West Vincent,PA
Carson,CA
Zachary,LA
Pittsboro,NC
South Gate,CA
Mooresville,NC
Three Oaks,FL
Holly Springs,GA
Exton,PA
Pasadena,TX
Suwanee,GA
Franklin,TN
Alpharetta,GA
Placentia,CA
Homewood,AL
Tulsa,OK
Cypress,TX
Richland Hills,TX
Palm Beach Gardens,FL
Casselberry,FL
Salem,OR
Magnolia,TX
Winfield,IL
Lindenhurst,NY
Allen,TX
Tucker,GA
Rockville,MD
Layton,UT
Fairfield,CT
LaGrange,GA
Sunderland,MA
Boone,NC
Lake Stevens,WA
Upper Marlboro,MD
Hampton,VA
Woodbury,MN
Chapel Hill,NC
Kannapolis,NC
Asheville,NC
Pompano Beach,FL
White Bear Lake,MN
East Lyme,CT
Lehigh Acres,FL
Kapolei,HI
Lower Merion,PA
Fort Myers,FL
Madison,WI
Ayden,NC
Cedar Hill,TX
Terrell,TX
Van Alstyne,TX
Long Beach,CA
Greensboro,NC
Marshfield,MA
King of Prussia,PA
Netcong,NJ
Stafford,TX
San Marcos,TX
Newhall,CA
Roswell,GA
Webster,NY
Maysville,GA
Leland,NC
Bremerton,WA
Riverside,CA
Trumbull,CT
Meridian,ID
Homestead,FL
Franklin,MA
Justin,TX
Ashville,OH
Inglewood,CA
Nokomis,FL
Beaverton,OR
Murfreesboro,TN
Madison,AL
Black Diamond,WA
El Dorado Hills,CA
Lake Hart,FL
Prescott Valley,AZ
Flower Mound,TX
Riviera Beach,FL
Blaine,MN
Oakland,FL
Redmond,OR
Sachse,TX
Sugar Land,TX
Bluffton,SC
Panorama Village,TX
Memphis,TN
Amherst,NY
Mansfield,MA
Rochester,NY
Vadnais Heights,MN
Lynn,MA
Fullerton,CA
Provo,UT
Alexandria,VA
Slidell,LA
Seneca,SC
Hawthorne,CA
Greeley,CO
Upland,CA
Marietta,PA
Des Plaines,IL
East Rutherford,NJ
West Chester,PA
Corpus Christi,TX
Hazlet,NJ
Addis,LA
Boynton Beach,FL
New Port Richey,FL
Brandon,FL
Clarksburg,MD
Wando,SC
Kingwood,TX
Hastings,FL
Live Oak,TX
West Jordan,UT
New Smyrna Beach,FL
Lewis Center,OH
Shoreline,WA
Rincon,GA
Blue Bell,PA
Chesterfield,MO
Freeport,FL
Menifee,CA
Fenton,MO
Matthews,NC
Garden City,GA
Grove City,OH
Rogers,MN
Palm Bay,FL
Kenosha,WI
South Elgin,IL
Orange,CA
Augusta,GA
Lake Charles,LA
Hingham,MA
Dripping Springs,TX
Highland City,FL
Corona,CA
Grimes,IA
Towson,MD
New Brunswick,NJ
Dawsonville,GA
Bellevue,WA
Palm Coast,FL
DeLand,FL
Bentonville,AR
Canyon Lake,TX
Roxbury,NJ
Missouri City,TX
Toledo,OH
Kent,WA
Avondale Estates,GA
Pullman,WA
Prior Lake,MN
Berlin,MA
Knoxville,TN
Hercules,CA
San Luis Obispo,CA
Sparks,NV
Port Royal,SC
Dayton,KY
DeSoto,TX
Frederick,MD
Braselton,GA
Hillsboro,OR
West Miami,FL
Prescott,AZ
Euless,TX
Odenton,MD
Walker,MI
Bonita Springs,FL
Powdersville,SC
Grovetown,GA
Clovis,CA
Wentzville,MO
North Andover,MA
Surprise,AZ
Modesto,CA
Linthicum Heights,MD
Hebron,TX
Fort Lee,NJ
Boulder,CO
Timberwood Park,TX
Chico,CA
Eagle,ID
Yulee,FL
Bryan,TX
Westford,MA
Belmont,NC
Camas,WA
Mableton,GA
Champaign,IL
Apex,NC
Saint Paul,MN
Davis,CA
Sloatsburg,NY
Punta Gorda,FL
Westminster,CO
Honolulu,HI
Des Moines,IA
Ponte Vedra Beach,FL
Monticello,NY
Wayne,NJ
Coconut Creek,FL
Santa Barbara,CA
Lauderdale-by-the-Sea,FL
Treasure Island,FL
Wheatland,WY
El Segundo,CA
Estes Park,CO
Newport,RI
Jackson,WY
Key Biscayne,FL
Snowmass Village,CO
Edison,NJ
Bakersfield,CA
Beverly Hills,CA
Carlsbad,CA
Paso Robles,CA
Fredericksburg,VA
Costa Mesa,CA
Sedona,AZ
Colchester,VT
Renton,WA
Miami Beach,FL
Springfield,MO
North Augusta,SC
Hudson,NY
Worcester,MA
Silverthorne,CO
Manalapan,FL
Snyderville,UT
Kawela Bay,HI
Marysville,WA
Kittery,ME
Atlantic Beach,FL
Sag Harbor,NY
Virginia Beach,VA
Camarillo,CA
North Bay Village,FL
Laguna Beach,CA
Oceanside,CA
Pico Rivera,CA
San Marcos,CA
Monterey Park,CA
Goleta,CA
Charlottesville,VA
Ventura,CA
West Hollywood,CA
Paradise Valley,AZ
Kihei,HI
Mackinac Island,MI
Manhattan Beach,CA
Oxon Hill,MD
Beaumont,TX
Seaside,OR
Cottonwood Heights,UT
Langhorne,PA
North Miami,FL
Provincetown,MA
Calverton,NY
Rancho Cordova,CA
Sonoma,CA
Marina,CA
Santa Monica,CA
Key West,FL
Groton,CT
Teton Village,WY
Kapalua,HI
Jacksonville Beach,FL
Scarborough,ME
Truckee,CA
Ashland,OR
Rohnert Park,CA
Napa,CA
Lincoln,CA
Tumwater,WA
Bishop,CA
San Clemente,CA
Eatontown,NJ
Williamsburg,FL
Villano Beach,FL
Livingston,MT
Kaanapali,HI
Cumberland,MD
Oxnard,CA
Rancho Santa Fe,CA
Gatlinburg,TN
Cleveland,OH
Annapolis,MD
Jekyll Island,GA
Sumter,SC
Wilmington,DE
Evergreen,CO
Burnet,TX
Middletown,RI
Crystal Bay,NV
Atascadero,CA
Lakewood,WA
Pismo Beach,CA
Avila Beach,CA
Weehawken,NJ
Hot Springs,AR
Texarkana,TX
North Falmouth,MA
Basalt,CO
Tusayan,AZ
Steamboat Springs,CO
Bethel,ME
Vicksburg,MS
Robinsonville,MS
Saint Pete Beach,FL
Ivins,UT
Minden,NV
Copper Mountain,CO
Pleasanton,CA
Salinas,CA
Morgan Hill,CA
West Springfield,MA
Freeport,ME
Dunwoody,GA
Temecula,CA
Jay,VT
Newark,CA
Duck Key,FL
Pasadena,CA
Boyes Hot Springs,CA
Duck,NC
Manchester Center,VT
Palm Springs,CA
Hayward,CA
Thousand Oaks,CA
Bend,OR
Lenox,MA
Culver City,CA
Brookline,MA
Sunnyvale,CA
McAllen,TX
Vail,CO
North Redington Beach,FL
Burlingame,CA
Cannon Beach,OR
Pleasant Hill,CA
Fernandina Beach,FL
Palmdale,CA
Lynnwood,WA
Montauk,NY
Glendale,CA
Dana Point,CA
Ocean City,MD
South San Francisco,CA
East Harwich,MA
Atlantic City,NJ
Palm Beach,FL
Park City,UT
Bell Gardens,CA
Indian Wells,CA
Southampton,NY
Chatham,MA
Guerneville,CA
Hilton Head Island,SC
Hanover,MD
Fort Walton Beach,FL
Newport Beach,CA
Victorville,CA
Barstow,CA
Marathon,FL
Miramar Beach,FL
La Quinta,CA
Yountville,CA
Monterey,CA
Saratoga Springs,NY
Surfside,FL
Cape Neddick,ME
Nantucket,MA
Sandy Springs,GA
Calistoga,CA
Aventura,FL
Yakima,WA
Glenwood Springs,CO
Norwalk,CT
San Ramon,CA
Campbell,CA
South Yarmouth,MA
South Lake Tahoe,CA
Breckenridge,CO
Fort Myers Beach,FL
Westbury,NY
Cypress,CA
Poughkeepsie,NY
The Woodlands,TX
Portland,ME
Cocoa Beach,FL
Elizabeth,IN
Big Sur,CA
Incline Village,NV
West Wendover,NV
Half Moon Bay,CA
Key Largo,FL
Santa Cruz,CA
Islamorada,FL
San Mateo,CA
Port Jefferson,NY
Navarre Beach,FL
Wailea,HI
San Carlos,CA
San Rafael,CA
Belmont,CA
Huntington Beach,CA
Cedar Creek-Red Rock,TX
Dover,DE
Bethany Beach,DE
Aliso Viejo,CA
Bay Lake,FL
Healdsburg,CA
Bossier City,LA
Stateline,NV
Redwood City,CA
Flint,MI
San Bruno,CA
Avalon,NJ
Menlo Park,CA
Bay Harbor Islands,FL
Waterloo,IA
Evansville,IN
Palo Alto,CA
Los Gatos,CA
Ko Olina,HI
Rock Island,IL
Edgartown,MA
Suisun City,CA
Laughlin,NV
Ontario,CA
Moreno Valley,CA
Wallingford,CT
Weston,FL
Longboat Key,FL
